date,population,cases,deaths,casesper100k,deathsper100k
2020-01-23,5148714,0,0,0,0
2020-01-24,5148714,0,0,0,0
2020-01-25,5148714,0,0,0,0
2020-01-26,5148714,0,0,0,0
2020-01-27,5148714,0,0,0,0
2020-01-28,5148714,0,0,0,0
2020-01-29,5148714,0,0,0,0
2020-01-30,5148714,0,0,0,0
2020-01-31,5148714,0,0,0,0
2020-02-01,5148714,0,0,0,0
2020-02-02,5148714,0,0,0,0
2020-02-03,5148714,0,0,0,0
2020-02-04,5148714,0,0,0,0
2020-02-05,5148714,0,0,0,0
2020-02-06,5148714,0,0,0,0
2020-02-07,5148714,0,0,0,0
2020-02-08,5148714,0,0,0,0
2020-02-09,5148714,0,0,0,0
2020-02-10,5148714,0,0,0,0
2020-02-11,5148714,0,0,0,0
2020-02-12,5148714,0,0,0,0
2020-02-13,5148714,0,0,0,0
2020-02-14,5148714,0,0,0,0
2020-02-15,5148714,0,0,0,0
2020-02-16,5148714,0,0,0,0
2020-02-17,5148714,0,0,0,0
2020-02-18,5148714,0,0,0,0
2020-02-19,5148714,0,0,0,0
2020-02-20,5148714,0,0,0,0
2020-02-21,5148714,0,0,0,0
2020-02-22,5148714,0,0,0,0
2020-02-23,5148714,0,0,0,0
2020-02-24,5148714,0,0,0,0
2020-02-25,5148714,0,0,0,0
2020-02-26,5148714,0,0,0,0
2020-02-27,5148714,0,0,0,0
2020-02-28,5148714,0,0,0,0
2020-02-29,5148714,0,0,0,0
2020-03-01,5148714,0,0,0,0
2020-03-02,5148714,0,0,0,0
2020-03-03,5148714,0,0,0,0
2020-03-04,5148714,0,0,0,0
2020-03-05,5148714,0,0,0,0
2020-03-06,5148714,0,0,0,0
2020-03-07,5148714,2,0,0.03884465130516086,0
2020-03-08,5148714,0,0,0,0
2020-03-09,5148714,1,0,0.01942232565258043,0
2020-03-10,5148714,4,0,0.07768930261032173,0
2020-03-11,5148714,3,0,0.058266976957741294,0
2020-03-12,5148714,-3,0,-0.058266976957741294,0
2020-03-13,5148714,1,0,0.01942232565258043,0
2020-03-14,5148714,11,0,0.21364558217838472,0
2020-03-15,5148714,0,0,0,0
2020-03-16,5148714,11,1,0.21364558217838472,0.01942232565258043
2020-03-17,5148714,17,0,0.33017953609386735,0
2020-03-18,5148714,13,0,0.2524902334835456,0
2020-03-19,5148714,20,0,0.38844651305160866,0
2020-03-20,5148714,46,2,0.8934269800186998,0.03884465130516086
2020-03-21,5148714,48,0,0.9322716313238607,0
2020-03-22,5148714,22,0,0.42729116435676945,0
2020-03-23,5148714,102,2,1.9810772165632038,0.03884465130516086
2020-03-24,5148714,44,0,0.8545823287135389,0
2020-03-25,5148714,82,2,1.5926307035115952,0.03884465130516086
2020-03-26,5148714,0,2,0,0.03884465130516086
2020-03-27,5148714,118,4,2.291834427004491,0.07768930261032173
2020-03-28,5148714,118,2,2.291834427004491,0.03884465130516086
2020-03-29,5148714,114,1,2.214145124394169,0.01942232565258043
2020-03-30,5148714,151,2,2.932771173539645,0.03884465130516086
2020-03-31,5148714,158,4,3.0687274531077082,0.07768930261032173
2020-04-01,5148714,210,4,4.078688387041891,0.07768930261032173
2020-04-02,5148714,261,5,5.0692269953234925,0.09711162826290216
2020-04-03,5148714,146,3,2.835659545276743,0.058266976957741294
2020-04-04,5148714,217,6,4.214644666609954,0.11653395391548259
2020-04-05,5148714,132,4,2.563746986140617,0.07768930261032173
2020-04-06,5148714,183,4,3.554285594422219,0.07768930261032173
2020-04-07,5148714,185,3,3.5931302457273797,0.058266976957741294
2020-04-08,5148714,0,0,0,0
2020-04-09,5148714,376,16,7.3027944453702425,0.3107572104412869
2020-04-10,5148714,274,5,5.321717228807038,0.09711162826290216
2020-04-11,5148714,144,8,2.796814893971582,0.15537860522064345
2020-04-12,5148714,109,2,2.117033496131267,0.03884465130516086
2020-04-13,5148714,71,0,1.3789851213332107,0
2020-04-14,5148714,162,15,3.14641675571803,0.29133488478870645
2020-04-15,5148714,103,9,2.0004995422157843,0.17480093087322388
2020-04-16,5148714,275,5,5.341139554459618,0.09711162826290216
2020-04-17,5148714,168,5,3.2629507096335124,0.09711162826290216
2020-04-18,5148714,149,3,2.893926522234484,0.058266976957741294
2020-04-19,5148714,129,1,2.5054800091828757,0.01942232565258043
2020-04-20,5148714,69,3,1.3401404700280497,0.058266976957741294
2020-04-21,5148714,-7,1,-0.135956279568063,0.01942232565258043
2020-04-22,5148714,322,16,6.253988860130899,0.3107572104412869
2020-04-23,5148714,156,10,3.029882801802547,0.19422325652580433
2020-04-24,5148714,153,7,2.9716158248448057,0.135956279568063
2020-04-25,5148714,183,9,3.554285594422219,0.17480093087322388
2020-04-26,5148714,245,8,4.758469784882205,0.15537860522064345
2020-04-27,5148714,115,3,2.2335674500467495,0.058266976957741294
2020-04-28,5148714,122,15,2.3695237296148126,0.29133488478870645
2020-04-29,5148714,147,39,2.8550818709293235,0.7574707004506368
2020-04-30,5148714,213,13,4.136955363999632,0.2524902334835456
2020-05-01,5148714,163,12,3.1658390813706103,0.23306790783096518
2020-05-02,5148714,231,11,4.48655722574608,0.21364558217838472
2020-05-03,5148714,137,8,2.660858614403519,0.15537860522064345
2020-05-04,5148714,131,8,2.5443246604880363,0.15537860522064345
2020-05-05,5148714,84,13,1.6314753548167562,0.2524902334835456
2020-05-06,5148714,95,9,1.845120936995141,0.17480093087322388
2020-05-07,5148714,206,11,4.000999084431569,0.21364558217838472
2020-05-08,5148714,225,4,4.370023271830597,0.07768930261032173
2020-05-09,5148714,164,10,3.1852614070231904,0.19422325652580433
2020-05-10,5148714,122,1,2.3695237296148126,0.01942232565258043
2020-05-11,5148714,139,15,2.69970326570868,0.29133488478870645
2020-05-12,5148714,135,9,2.622013963098358,0.17480093087322388
2020-05-13,5148714,103,7,2.0004995422157843,0.135956279568063
2020-05-14,5148714,159,9,3.0881497787602883,0.17480093087322388
2020-05-15,5148714,218,9,4.234066992262534,0.17480093087322388
2020-05-16,5148714,254,0,4.933270715755429,0
2020-05-17,5148714,155,5,3.010460476149967,0.09711162826290216
2020-05-18,5148714,126,6,2.447213032225134,0.11653395391548259
2020-05-19,5148714,114,8,2.214145124394169,0.15537860522064345
2020-05-20,5148714,119,8,2.311256752657071,0.15537860522064345
2020-05-21,5148714,206,9,4.000999084431569,0.17480093087322388
2020-05-22,5148714,257,3,4.9915376927131705,0.058266976957741294
2020-05-23,5148714,257,6,4.9915376927131705,0.11653395391548259
2020-05-24,5148714,201,10,3.903887456168667,0.19422325652580433
2020-05-25,5148714,82,5,1.5926307035115952,0.09711162826290216
2020-05-26,5148714,238,6,4.622513505314142,0.11653395391548259
2020-05-27,5148714,207,20,4.020421410084149,0.38844651305160866
2020-05-28,5148714,165,4,3.2046837326757713,0.07768930261032173
2020-05-29,5148714,343,13,6.661857698835087,0.2524902334835456
2020-05-30,5148714,263,4,5.1080716466286535,0.07768930261032173
2020-05-31,5148714,467,7,9.070226079755061,0.135956279568063
2020-06-01,5148714,287,6,5.574207462290584,0.11653395391548259
2020-06-02,5148714,271,1,5.263450251849297,0.01942232565258043
2020-06-03,5148714,51,17,0.9905386082816019,0.33017953609386735
2020-06-04,5148714,56,7,1.087650236544504,0.135956279568063
2020-06-05,5148714,932,14,18.10160750820496,0.271912559136126
2020-06-06,5148714,80,6,1.5537860522064346,0.11653395391548259
2020-06-07,5148714,764,1,14.838656798571451,0.01942232565258043
2020-06-08,5148714,498,11,9.672318174985055,0.21364558217838472
2020-06-09,5148714,428,11,8.312755379304424,0.21364558217838472
2020-06-10,5148714,531,7,10.313254921520208,0.135956279568063
2020-06-11,5148714,682,13,13.246026095059856,0.2524902334835456
2020-06-12,5148714,729,5,14.158875400731134,0.09711162826290216
2020-06-13,5148714,785,6,15.246525637275637,0.11653395391548259
2020-06-14,5148714,840,1,16.314753548167563,0.01942232565258043
2020-06-15,5148714,583,2,11.323215855454391,0.03884465130516086
2020-06-16,5148714,612,5,11.886463299379223,0.09711162826290216
2020-06-17,5148714,566,10,10.993036319360524,0.19422325652580433
2020-06-18,5148714,977,4,18.97561216257108,0.07768930261032173
2020-06-19,5148714,1075,18,20.879000076523962,0.34960186174644775
2020-06-20,5148714,1148,5,22.296829849162336,0.09711162826290216
2020-06-21,5148714,905,9,17.577204715585292,0.17480093087322388
2020-06-22,5148714,1005,6,19.519437280843334,0.11653395391548259
2020-06-23,5148714,906,14,17.596627041237873,0.271912559136126
2020-06-24,5148714,1325,10,25.734581489669072,0.19422325652580433
2020-06-25,5148714,1125,10,21.850116359152985,0.19422325652580433
2020-06-26,5148714,1313,1,25.501513581838104,0.01942232565258043
2020-06-27,5148714,1604,17,31.153410346739012,0.33017953609386735
2020-06-28,5148714,1381,5,26.822231726213577,0.09711162826290216
2020-06-29,5148714,1324,4,25.71515916401649,0.07768930261032173
2020-06-30,5148714,1755,19,34.08618152027866,0.3690241873990282
2020-07-01,5148714,1520,27,29.521934991922254,0.5244027926196717
2020-07-02,5148714,1782,18,34.610584312898325,0.34960186174644775
2020-07-03,5148714,1831,9,35.562278269874774,0.17480093087322388
2020-07-04,5148714,1854,20,36.00899175988412,0.38844651305160866
2020-07-05,5148714,1461,7,28.37601777842001,0.135956279568063
2020-07-06,5148714,1533,7,29.7744252254058,0.135956279568063
2020-07-07,5148714,972,19,18.878500534308177,0.3690241873990282
2020-07-08,5148714,1557,38,30.240561041067732,0.7380483747980564
2020-07-09,5148714,1782,21,34.610584312898325,0.40786883870418905
2020-07-10,5148714,1728,24,33.56177872765899,0.46613581566193035
2020-07-11,5148714,2280,22,44.28290248788338,0.42729116435676945
2020-07-12,5148714,1949,10,37.85411269687926,0.19422325652580433
2020-07-13,5148714,1520,11,29.521934991922254,0.21364558217838472
2020-07-14,5148714,2221,21,43.13698527438113,0.40786883870418905
2020-07-15,5148714,1856,5,36.04783641118928,0.09711162826290216
2020-07-16,5148714,1838,72,35.69823454944283,1.398407446985791
2020-07-17,5148714,1977,26,38.39793781515151,0.5049804669670912
2020-07-18,5148714,1552,39,30.143449412804827,0.7574707004506368
2020-07-19,5148714,2374,20,46.10860109922594,0.38844651305160866
2020-07-20,5148714,1459,9,28.33717312711485,0.17480093087322388
2020-07-21,5148714,1892,57,36.74704013468218,1.1070725621970845
2020-07-22,5148714,1705,64,33.11506523764964,1.2430288417651476
2020-07-23,5148714,1564,49,30.376517320635795,0.9516939569764412
2020-07-24,5148714,2001,51,38.864073630813444,0.9905386082816019
2020-07-25,5148714,1401,80,27.210678239265185,1.5537860522064346
2020-07-26,5148714,1191,26,23.131989852223292,0.5049804669670912
2020-07-27,5148714,1218,15,23.656392644842967,0.29133488478870645
2020-07-28,5148714,1692,59,32.86257500416609,1.1459172135022455
2020-07-29,5148714,1737,50,33.73657965853221,0.9711162826290215
2020-07-30,5148714,1726,52,33.52293407635383,1.0099609339341824
2020-07-31,5148714,1444,45,28.045838242326145,0.8740046543661194
2020-08-01,5148714,1583,39,30.745541508034822,0.7574707004506368
2020-08-02,5148714,1189,26,23.093145200918133,0.5049804669670912
2020-08-03,5148714,1163,16,22.58816473395104,0.3107572104412869
2020-08-04,5148714,1239,54,24.064261483547156,1.0488055852393434
2020-08-05,5148714,1282,47,24.899421486608112,0.9128493056712803
2020-08-06,5148714,1325,48,25.734581489669072,0.9322716313238607
2020-08-07,5148714,1422,20,27.618547077969374,0.38844651305160866
2020-08-08,5148714,1241,45,24.103106134852315,0.8740046543661194
2020-08-09,5148714,975,24,18.93676751126592,0.46613581566193035
2020-08-10,5148714,724,17,14.06176377246823,0.33017953609386735
2020-08-11,5148714,971,50,18.8590782086556,0.9711162826290215
2020-08-12,5148714,844,46,16.392442850777886,0.8934269800186998
2020-08-13,5148714,935,40,18.159874485162703,0.7768930261032173
2020-08-14,5148714,932,20,18.10160750820496,0.38844651305160866
2020-08-15,5148714,1041,56,20.218641004336227,1.087650236544504
2020-08-16,5148714,615,9,11.944730276336964,0.17480093087322388
2020-08-17,5148714,456,19,8.856580497576676,0.3690241873990282
2020-08-18,5148714,719,55,13.96465214420533,1.0682279108919237
2020-08-19,5148714,739,17,14.353098657256938,0.33017953609386735
2020-08-20,5148714,909,41,17.654894018195613,0.7963153517557976
2020-08-21,5148714,1058,58,20.548820540430093,1.126494887849665
2020-08-22,5148714,917,34,17.810272623416253,0.6603590721877347
2020-08-23,5148714,693,11,13.459671677238239,0.21364558217838472
2020-08-24,5148714,563,7,10.934769342402783,0.135956279568063
2020-08-25,5148714,937,18,18.19871913646786,0.34960186174644775
2020-08-26,5148714,605,44,11.75050701981116,0.8545823287135389
2020-08-27,5148714,505,55,9.808274454553118,1.0682279108919237
2020-08-28,5148714,1353,27,26.27840660794132,0.5244027926196717
2020-08-29,5148714,1298,43,25.2101786970494,0.8351600030609585
2020-08-30,5148714,1075,11,20.879000076523962,0.21364558217838472
2020-08-31,5148714,668,11,12.974113535923728,0.21364558217838472
2020-09-01,5148714,854,37,16.58666610730369,0.7186260491454759
2020-09-02,5148714,657,37,12.760467953745342,0.7186260491454759
2020-09-03,5148714,1193,13,23.170834503528454,0.2524902334835456
2020-09-04,5148714,1629,39,31.638968488053525,0.7574707004506368
2020-09-05,5148714,964,31,18.723121929087537,0.6020920952299934
2020-09-06,5148714,663,10,12.877001907660826,0.19422325652580433
2020-09-07,5148714,655,20,12.72162330244018,0.38844651305160866
2020-09-08,5148714,301,5,5.846120021426709,0.09711162826290216
2020-09-09,5148714,305,30,5.923809324037031,0.5826697695774129
2020-09-10,5148714,379,33,7.361061422327983,0.6409367465351542
2020-09-11,5148714,2454,53,47.66238715143238,1.0293832595867627
2020-09-12,5148714,932,12,18.10160750820496,0.23306790783096518
2020-09-13,5148714,1886,24,36.630506180766695,0.46613581566193035
2020-09-14,5148714,816,13,15.84861773250563,0.2524902334835456
2020-09-15,5148714,790,21,15.34363726553854,0.40786883870418905
2020-09-16,5148714,652,34,12.663356325482441,0.6603590721877347
2020-09-17,5148714,1324,26,25.71515916401649,0.5049804669670912
2020-09-18,5148714,872,19,16.936267969050135,0.3690241873990282
2020-09-19,5148714,922,11,17.907384251679158,0.21364558217838472
2020-09-20,5148714,468,11,9.089648405407642,0.21364558217838472
2020-09-21,5148714,416,13,8.07968747147346,0.2524902334835456
2020-09-22,5148714,2665,31,51.76049786412685,0.6020920952299934
2020-09-23,5148714,897,19,17.421826110364645,0.3690241873990282
2020-09-24,5148714,1021,17,19.83019449128462,0.33017953609386735
2020-09-25,5148714,1195,18,23.209679154833616,0.34960186174644775
2020-09-26,5148714,1371,26,26.62800846968777,0.5049804669670912
2020-09-27,5148714,614,3,11.925307950684385,0.058266976957741294
2020-09-28,5148714,568,11,11.031880970665686,0.21364558217838472
2020-09-29,5148714,1179,22,22.898921944392328,0.42729116435676945
2020-09-30,5148714,308,19,5.982076300994772,0.3690241873990282
2020-10-01,5148714,381,22,7.399906073633145,0.42729116435676945
2020-10-02,5148714,862,9,16.742044712524333,0.17480093087322388
2020-10-03,5148714,1706,33,33.134487563302216,0.6409367465351542
2020-10-04,5148714,691,11,13.420827025933079,0.21364558217838472
2020-10-05,5148714,577,3,11.206681901538909,0.058266976957741294
2020-10-06,5148714,811,15,15.75150610424273,0.29133488478870645
2020-10-07,5148714,735,31,14.275409354646616,0.6020920952299934
2020-10-08,5148714,1050,12,20.393441935209452,0.23306790783096518
2020-10-09,5148714,921,16,17.887961926026577,0.3107572104412869
2020-10-10,5148714,945,21,18.35409774168851,0.40786883870418905
2020-10-11,5148714,785,1,15.246525637275637,0.01942232565258043
2020-10-12,5148714,649,7,12.6050893485247,0.135956279568063
2020-10-13,5148714,828,17,16.081685640336595,0.33017953609386735
2020-10-14,5148714,926,17,17.98507355428948,0.33017953609386735
2020-10-15,5148714,1297,14,25.19075637139682,0.271912559136126
2020-10-16,5148714,1147,8,22.277407523509755,0.15537860522064345
2020-10-17,5148714,961,22,18.664854952129794,0.42729116435676945
2020-10-18,5148714,776,13,15.071724706402414,0.2524902334835456
2020-10-19,5148714,619,11,12.022419578947288,0.21364558217838472
2020-10-20,5148714,884,35,17.169335876881103,0.679781397840315
2020-10-21,5148714,864,12,16.780889363829495,0.23306790783096518
2020-10-22,5148714,1128,47,21.908383336110727,0.9128493056712803
2020-10-23,5148714,1064,22,20.66535449434558,0.42729116435676945
2020-10-24,5148714,792,16,15.382481916843702,0.3107572104412869
2020-10-25,5148714,1337,9,25.967649397500036,0.17480093087322388
2020-10-26,5148714,823,21,15.984574012073695,0.40786883870418905
2020-10-27,5148714,1078,19,20.937267053481705,0.3690241873990282
2020-10-28,5148714,912,34,17.713160995153352,0.6603590721877347
2020-10-29,5148714,1100,13,21.36455821783847,0.2524902334835456
2020-10-30,5148714,1003,7,19.480592629538172,0.135956279568063
2020-10-31,5148714,1018,39,19.771927514326876,0.7574707004506368
2020-11-01,5148714,1411,1,27.404901495790988,0.01942232565258043
2020-11-02,5148714,894,10,17.363559133406905,0.19422325652580433
2020-11-03,5148714,1035,22,20.102107050420745,0.42729116435676945
2020-11-04,5148714,918,17,17.829694949068834,0.33017953609386735
2020-11-05,5148714,769,7,14.93576842683435,0.135956279568063
2020-11-06,5148714,1233,13,23.94772752963167,0.2524902334835456
2020-11-07,5148714,1870,10,36.319748970325406,0.19422325652580433
2020-11-08,5148714,946,21,18.37352006734109,0.40786883870418905
2020-11-09,5148714,703,5,13.653894933764043,0.09711162826290216
2020-11-10,5148714,1347,21,26.16187265402584,0.40786883870418905
2020-11-11,5148714,1257,14,24.413863345293603,0.271912559136126
2020-11-12,5148714,1495,8,29.036376850607745,0.15537860522064345
2020-11-13,5148714,1611,17,31.28936662630707,0.33017953609386735
2020-11-14,5148714,1913,9,37.15490897338637,0.17480093087322388
2020-11-15,5148714,1493,2,28.997532199302583,0.03884465130516086
2020-11-16,5148714,1110,31,21.558781474364277,0.6020920952299934
2020-11-17,5148714,1283,13,24.918843812260693,0.2524902334835456
2020-11-18,5148714,1547,26,30.04633778454193,0.5049804669670912
2020-11-19,5148714,1713,19,33.27044384287028,0.3690241873990282
2020-11-20,5148714,2001,30,38.864073630813444,0.5826697695774129
2020-11-21,5148714,1857,43,36.06725873684186,0.8351600030609585
2020-11-22,5148714,1277,9,24.80230985834521,0.17480093087322388
2020-11-23,5148714,1257,5,24.413863345293603,0.09711162826290216
2020-11-24,5148714,1678,25,32.59066244502996,0.48555814131451075
2020-11-25,5148714,1675,4,32.53239546807222,0.07768930261032173
2020-11-26,5148714,0,0,0,0
2020-11-27,5148714,2215,29,43.020451320465654,0.5632474439248325
2020-11-28,5148714,1791,0,34.78538524377156,0
2020-11-29,5148714,1218,7,23.656392644842967,0.135956279568063
2020-11-30,5148714,1358,28,26.375518236204226,0.543825118272252
2020-12-01,5148714,1425,23,27.676814054927117,0.4467134900093499
2020-12-02,5148714,1923,40,37.349132229912165,0.7768930261032173
2020-12-03,5148714,2228,22,43.2729415539492,0.42729116435676945
2020-12-04,5148714,2950,30,57.295860675112266,0.5826697695774129
2020-12-05,5148714,3222,21,62.57873325261414,0.40786883870418905
2020-12-06,5148714,2864,49,55.625540668990354,0.9516939569764412
2020-12-07,5148714,2553,13,49.58519739103784,0.2524902334835456
2020-12-08,5148714,2302,6,44.71019365224015,0.11653395391548259
2020-12-09,5148714,2490,27,48.36159087492527,0.5244027926196717
2020-12-10,5148714,2242,15,43.54485411308532,0.29133488478870645
2020-12-11,5148714,3540,46,68.75503281013474,0.8934269800186998
2020-12-12,5148714,3572,12,69.3765472310173,0.23306790783096518
2020-12-13,5148714,3408,54,66.19128582399411,1.0488055852393434
2020-12-14,5148714,2570,12,49.91537692713171,0.23306790783096518
2020-12-15,5148714,2544,5,49.41039646016461,0.09711162826290216
2020-12-16,5148714,2799,44,54.363089501572624,0.8545823287135389
2020-12-17,5148714,2655,43,51.56627460760104,0.8351600030609585
2020-12-18,5148714,4302,29,83.55484495740102,0.5632474439248325
2020-12-19,5148714,3461,23,67.22066908358087,0.4467134900093499
2020-12-20,5148714,2869,40,55.722652297253255,0.7768930261032173
2020-12-21,5148714,2327,27,45.19575179355466,0.5244027926196717
2020-12-22,5148714,2322,14,45.098640165291755,0.271912559136126
2020-12-23,5148714,4175,52,81.0882095995233,1.0099609339341824
2020-12-24,5148714,2798,15,54.34366717592005,0.29133488478870645
2020-12-25,5148714,0,0,0,0
2020-12-26,5148714,3864,81,75.0478663215708,1.573208377859015
2020-12-27,5148714,7287,31,141.5304870303536,0.6020920952299934
2020-12-28,5148714,1871,18,36.33917129597799,0.34960186174644775
2020-12-29,5148714,2552,25,49.56577506538526,0.48555814131451075
2020-12-30,5148714,2873,51,55.80034159986358,0.9905386082816019
2020-12-31,5148714,4032,47,78.3108170312043,0.9128493056712803
2021-01-01,5148714,0,0,0,0
2021-01-02,5148714,5211,89,101.20973897559662,1.7285869830796585
2021-01-03,5148714,8951,84,173.84923691624743,1.6314753548167562
2021-01-04,5148714,3803,15,73.86310445676338,0.29133488478870645
2021-01-05,5148714,2601,14,50.5174690223617,0.271912559136126
2021-01-06,5148714,5162,84,100.25804501862018,1.6314753548167562
2021-01-07,5148714,4877,79,94.72268220763476,1.5343637265538541
2021-01-08,5148714,6064,34,117.77698275724772,0.6603590721877347
2021-01-09,5148714,5908,63,114.74709995544518,1.223606516112567
2021-01-10,5148714,4441,53,86.2545482231097,1.0293832595867627
2021-01-11,5148714,3129,15,60.77245696692417,0.29133488478870645
2021-01-12,5148714,1703,34,33.076220586344476,0.6603590721877347
2021-01-13,5148714,6021,51,116.94182275418677,0.9905386082816019
2021-01-14,5148714,5802,23,112.68833343627165,0.4467134900093499
2021-01-15,5148714,4787,103,92.97467289890253,2.0004995422157843
2021-01-16,5148714,6455,71,125.37111208740669,1.3789851213332107
2021-01-17,5148714,5762,129,111.91144041016844,2.5054800091828757
2021-01-18,5148714,3280,11,63.70522814046381,0.21364558217838472
2021-01-19,5148714,2854,11,55.43131741246455,0.21364558217838472
2021-01-20,5148714,5525,69,107.30834923050688,1.3401404700280497
2021-01-21,5148714,4649,45,90.29439195884642,0.8740046543661194
2021-01-22,5148714,4696,31,91.2072412645177,0.6020920952299934
2021-01-23,5148714,4601,75,89.36212032752256,1.4566744239435323
2021-01-24,5148714,4536,68,88.09966916010484,1.3207181443754694
2021-01-25,5148714,3092,5,60.0538309177787,0.09711162826290216
2021-01-26,5148714,2250,26,43.70023271830597,0.5049804669670912
2021-01-27,5148714,3564,95,69.22116862579665,1.845120936995141
2021-01-28,5148714,3938,230,76.48511841986173,4.467134900093499
2021-01-29,5148714,4464,39,86.70126171311905,0.7574707004506368
2021-01-30,5148714,4152,72,80.64149610951394,1.398407446985791
2021-01-31,5148714,3601,28,69.93979467494214,0.543825118272252
2021-02-01,5148714,2530,241,49.13848390102849,4.680780482271884
2021-02-02,5148714,1988,35,38.611583397329895,0.679781397840315
2021-02-03,5148714,2890,76,56.13052113595745,1.4760967495961128
2021-02-04,5148714,3084,93,59.89845231255805,1.8062762856899803
2021-02-05,5148714,6096,66,118.39849717813031,1.2818734930703084
2021-02-06,5148714,3007,58,58.402933237309355,1.126494887849665
2021-02-07,5148714,3392,40,65.88052861355281,0.7768930261032173
2021-02-08,5148714,2030,39,39.42732107473827,0.7574707004506368
2021-02-09,5148714,1908,3,37.05779734512346,0.058266976957741294
2021-02-10,5148714,2829,49,54.94575927115004,0.9516939569764412
2021-02-11,5148714,3147,95,61.12205882867061,1.845120936995141
2021-02-12,5148714,3870,57,75.16440027548626,1.1070725621970845
2021-02-13,5148714,2983,17,57.93679742164742,0.33017953609386735
2021-02-14,5148714,4153,87,80.66091843516652,1.6897423317744973
2021-02-15,5148714,1725,36,33.50351175070124,0.6992037234928955
2021-02-16,5148714,1435,21,27.871037311452916,0.40786883870418905
2021-02-17,5148714,1916,62,37.2131759503441,1.2041841904599868
2021-02-18,5148714,2675,38,51.95472112065265,0.7380483747980564
2021-02-19,5148714,2893,58,56.18878811291519,1.126494887849665
2021-02-20,5148714,3340,43,64.87056767961865,0.8351600030609585
2021-02-21,5148714,2872,68,55.780919274210994,1.3207181443754694
2021-02-22,5148714,1440,8,27.96814893971582,0.15537860522064345
2021-02-23,5148714,1323,25,25.695736838363914,0.48555814131451075
2021-02-24,5148714,2132,41,41.40839829130148,0.7963153517557976
2021-02-25,5148714,2502,45,48.594658782756234,0.8740046543661194
2021-02-26,5148714,1749,34,33.96964756636318,0.6603590721877347
2021-02-27,5148714,1777,21,34.513472684635424,0.40786883870418905
2021-02-28,5148714,1751,48,34.00849221766833,0.9322716313238607
2021-03-01,5148714,1153,16,22.393941477425237,0.3107572104412869
2021-03-02,5148714,847,14,16.450709827735626,0.271912559136126
2021-03-03,5148714,1173,44,22.782387990476845,0.8545823287135389
2021-03-04,5148714,1567,40,30.434784297593538,0.7768930261032173
2021-03-05,5148714,1695,39,32.92084198112383,0.7574707004506368
2021-03-06,5148714,1199,20,23.287368457443936,0.38844651305160866
2021-03-07,5148714,1408,35,27.346634518833245,0.679781397840315
2021-03-08,5148714,851,6,16.528399130345946,0.11653395391548259
2021-03-09,5148714,632,3,12.274909812430833,0.058266976957741294
2021-03-10,5148714,1125,18,21.850116359152985,0.34960186174644775
2021-03-11,5148714,919,41,17.849117274721415,0.7963153517557976
2021-03-12,5148714,1488,11,28.900420571039685,0.21364558217838472
2021-03-13,5148714,1669,37,32.41586151415674,0.7186260491454759
2021-03-14,5148714,872,5,16.936267969050135,0.09711162826290216
2021-03-15,5148714,767,3,14.89692377552919,0.058266976957741294
2021-03-16,5148714,681,3,13.226603769407275,0.058266976957741294
2021-03-17,5148714,1231,52,23.90888287832651,1.0099609339341824
2021-03-18,5148714,1398,5,27.152411262307442,0.09711162826290216
2021-03-19,5148714,1303,28,25.3072903253123,0.543825118272252
2021-03-20,5148714,1589,11,30.862075461950308,0.21364558217838472
2021-03-21,5148714,1192,30,23.151412177875873,0.5826697695774129
2021-03-22,5148714,621,20,12.061264230252448,0.38844651305160866
2021-03-23,5148714,709,3,13.770428887679525,0.058266976957741294
2021-03-24,5148714,1013,25,19.674815886063975,0.48555814131451075
2021-03-25,5148714,1329,28,25.812270792279392,0.543825118272252
2021-03-26,5148714,1416,9,27.50201312405389,0.17480093087322388
2021-03-27,5148714,1444,12,28.045838242326145,0.23306790783096518
2021-03-28,5148714,1085,18,21.073223333049768,0.34960186174644775
2021-03-29,5148714,869,0,16.878000992092392,0
2021-03-30,5148714,601,4,11.67281771720084,0.07768930261032173
2021-03-31,5148714,961,20,18.664854952129794,0.38844651305160866
2021-04-01,5148714,1051,28,20.412864260862033,0.543825118272252
2021-04-02,5148714,1350,5,26.22013963098358,0.09711162826290216
2021-04-03,5148714,1243,17,24.141950786157476,0.33017953609386735
2021-04-04,5148714,0,0,0,0
2021-04-05,5148714,1195,7,23.209679154833616,0.135956279568063
2021-04-06,5148714,1334,1,25.909382420542293,0.01942232565258043
2021-04-07,5148714,828,9,16.081685640336595,0.17480093087322388
2021-04-08,5148714,966,24,18.7619665803927,0.46613581566193035
2021-04-09,5148714,1165,11,22.6270093852562,0.21364558217838472
2021-04-10,5148714,1011,25,19.635971234758816,0.48555814131451075
2021-04-11,5148714,918,3,17.829694949068834,0.058266976957741294
2021-04-12,5148714,736,0,14.294831680299197,0
2021-04-13,5148714,701,13,13.615050282458883,0.2524902334835456
2021-04-14,5148714,803,15,15.596127499022087,0.29133488478870645
2021-04-15,5148714,1087,3,21.11206798435493,0.058266976957741294
2021-04-16,5148714,1259,2,24.452707996598765,0.03884465130516086
2021-04-17,5148714,981,12,19.053301465181402,0.23306790783096518
2021-04-18,5148714,1021,15,19.83019449128462,0.29133488478870645
2021-04-19,5148714,753,16,14.625011216393066,0.3107572104412869
2021-04-20,5148714,574,3,11.148414924581168,0.058266976957741294
2021-04-21,5148714,763,10,14.81923447291887,0.19422325652580433
2021-04-22,5148714,879,23,17.0722242486182,0.4467134900093499
2021-04-23,5148714,977,16,18.97561216257108,0.3107572104412869
2021-04-24,5148714,1001,10,19.44174797823301,0.19422325652580433
2021-04-25,5148714,759,16,14.741545170308546,0.3107572104412869
2021-04-26,5148714,530,3,10.293832595867627,0.058266976957741294
2021-04-27,5148714,441,2,8.56524561278797,0.03884465130516086
2021-04-28,5148714,683,37,13.265448420712435,0.7186260491454759
